Delegado;Tiempo de respuesta;Uso de CPU
2;4.626491933964639E-42;0.0
0;3.3214648576923296E-50;0.0
1;1.3441278512633835E-44;0.0
3;6.178873220476213E-39;0.0
4;6.810219144005662E-39;10.1
5;8.019432496058723E-39;10.1
6;1.4161671781804867E-39;6.8
7;1.6376327651605195E-39;6.8
8;3.916376593897514E-39;18.9
9;2.0547307040334144E-39;18.9